"X1","X2","X3","X4","X5","Y"
224.671,9.32,475.635,3574.829,"1",12780279.448
319.73,4.636,461.23,2103.238,"1",4424484.194
288.162,1.71,151.342,6428.569,"1",41326953.978
433.018,3.316,287.56,7077.647,"1",50093879.586
317.546,-6.413,364.462,6642.169,"1",44119172.595
347.795,5.722,271.969,18818.557,"1",354138746.169
212.731,5.268,334.262,18604.938,"1",346144382.402
407.18,1.533,268.702,5116.342,"1",26177705.257
176.211,0.107,121.002,12373.201,"1",153096445.307
246.021,22.027,253.772,4905.552,"1",24065069.658
313.483,-9.185,277.323,13931.201,"1",194079107.779
314.441,7.675,141.577,1778.001,"1",3161800.694
269.755,2.263,18.27,12513.94,"1",156599014.465
410.976,25.978,118.816,494.444,"1",245089.28
318.507,9.945,283.693,491.583,"1",242340.374
295.602,3.068,175.56,1646.785,"1",2712469.464
241.672,2.484,303.793,339.4,"1",115780.792
376.628,-1.389,312.123,20930.672,"1",438093835.252
162.928,5.414,357.493,4726.604,"1",22341435.894
646.545,2.157,328.309,8539.273,"1",72920221.387
234.287,6.899,156.495,16283.734,"1",265160444.791
414.609,1.337,404.259,4995.936,"1",24960212.428
339.294,1.156,345.057,837.309,"1",701924.532
416.011,2.491,154.437,3323.427,"1",11045830.188
177.843,2.674,16.334,14110.145,"1",199096477.542
234.232,0.354,187.719,8093.899,"1",65511720.116
191.967,-21.17,448.539,8008.544,"1",64137508.251
334.642,-0.899,329.713,5831.018,"1",34001503.399
126.341,-9.909,127.926,3411.677,"1",11639879.16
337.061,3.185,470.678,5142.426,"1",26445470.683
286.333,7.077,209.528,387.392,"1",150650.795
563.606,1.029,224.003,290.513,"1",85289.506
279.311,4.618,360.083,10286.434,"1",105811435.378
283.321,6.401,499.761,4233.568,"1",17923842.544
196.498,-0.629,187.692,564.823,"1",319565.229
266.731,1.709,217.519,14276.624,"1",203822603.737
327.436,-2.64,69.487,4232.261,"1",17912537.925
362.598,8.187,496.553,30123.075,"1",907400560.831
459.81,-7.633,47.386,16237.943,"1",263671362.555
445.53,0.07,476.272,587.336,"1",346026.089
284.756,-6.816,490.562,7713.41,"1",59497527.736
510.481,10.128,13.909,9485.111,"1",89968001.955
33.484,1.523,289.544,7205.81,"1",51924072.894
393.43,7.52,298.534,3324.84,"1",11055295.129
221.657,0.328,315.71,17241.134,"1",297257317.765
498.335,2.168,273.634,876.838,"1",769738.424
245.484,8.607,346.123,578.468,"1",335298.441
497.86,0.021,345.594,1046.825,"1",1096675.059
306.567,18.051,464.82,1189.704,"1",1416257.873
18.202,5.239,231.389,13129.061,"1",172372670.697
232.941,10.497,12.199,981.274,"1",963262.521
39.21,606.096,323.903,759.094,"1",577385.324
326.83,0.932,194.957,4476.531,"1",20039987.89
584.62,-16.376,67.851,190.874,"1",37104.151
-40.789,7.532,386.839,21722.286,"1",471858180.868
447.07,22.893,16.458,16449.388,"1",270582904.5
90.176,3.383,424.955,5633.412,"1",31735988.623
573.731,0.705,262.578,6839.746,"1",46783131.266
507.195,-1.604,434.079,2777.356,"1",7714682.837
174.172,-1.437,119.728,4656.095,"1",21679605.299
260.701,0.28,32.959,7216.956,"1",52084755.758
289.673,-3.452,198.71,3126.781,"1",9777341.604
243.167,-0.945,209.779,2360.397,"1",5572045.236
687.294,4.231,216.537,2066.122,"1",4269767.647
319.475,0.496,174.211,1200.114,"1",1440832.186
193.046,3.208,178.362,10990.945,"1",120801365.038
395.699,-12.425,377.488,1365.015,"1",1864100.061
330.254,0.244,121.825,12961.589,"1",168003376.579
289.512,2.39,83.546,15058.057,"1",226745583.111
286.127,2.914,426.842,8202.713,"1",67285293.254
367.335,-4.354,129.395,1197.747,"1",1435151.258
140.347,-2.684,203.177,4248.153,"1",18047308.813
125.637,0.648,445.669,2316.731,"1",5367913.753
547.278,5.7,307.114,16410.328,"1",269299774.776
-9.314,-0.769,406.448,4696.056,"1",22053462.611
301.912,12.912,329.006,2540.045,"1",6452571.564
136.871,4.95,287.229,1396.373,"1",1950315.987
340.581,32.221,412.744,6714.032,"1",45079001.321
451.268,-0.39,348.999,7258.453,"1",52686051.333
-11.161,4.427,285.27,14739.012,"1",217238780.98
434.523,1.098,302.027,20456.248,"1",418458975.953
292.501,97.918,265.253,5825.18,"1",33933500.258
98.198,1.788,306.75,4916.208,"1",24169636.227
10.318,5.342,13.953,12964.338,"1",168074188.767
406.437,1.032,146.546,2316.096,"1",5364974.779
276.314,5.428,220.978,3537.88,"1",12517137.843
332.455,-18.349,374.347,12767.947,"1",163021273.082
422.604,0.425,458.05,7535.245,"1",56780883.003
559.076,0.163,52.344,11209.228,"1",125647632.762
284.434,0.437,72.141,18839.835,"1",354939787.247
216.432,1.115,136.436,19165.512,"1",367317339.408
514.245,1.469,306.48,9546.264,"1",91132081.192
166.056,0.312,446.149,5403.882,"1",29202672.796
126.364,5.162,451.524,10625.829,"1",112909026.049
220.456,-1.113,26.242,3675.113,"1",13506701.92
666.852,4.834,64.355,10909.744,"1",119023440.321
175.126,0.388,226.647,15849.283,"1",251200267.788
362.028,-0.055,168.9,3992.58,"1",15941354.34
123.198,2.51,143.102,21769.567,"1",473914358.819
123.895,3.923,34.853,4552.206,"1",20722854.363
250.061,11.137,35.44,3218.238,"1",10357386.781
504.467,0.178,378.821,3124.345,"1",9762541.765
229.628,1.734,464.785,15008.748,"1",225263353.545
426.431,2.03,124.584,8227.999,"1",67700649.178
81.301,-0.844,281.505,536.433,"1",288164.542
239.954,250.787,373.491,1766.037,"1",3119877.109
183.537,4.934,273.524,191.824,"1",37412.86
244.606,49.045,113.485,1478.951,"1",2187827.09
486.015,8.804,342.262,8101.819,"1",65640400.286
283.885,2.918,234.126,8022.381,"1",64359133.065
325.889,3.571,466.258,6909.231,"1",47738336.815
338.19,2.138,327.748,6033.154,"1",36399760.125
207.82,1.531,439.824,15902.691,"1",252896404.75
85.618,40.012,268.649,8665.693,"1",75094734.83
250.354,2.378,472.551,275.906,"1",77017.976
319.258,2.231,327.45,10980.997,"1",120583048.694
452.718,1.663,7.905,486.101,"1",236774.239
261.664,2.523,416.732,2027.003,"1",4109507.712
254.619,2.781,12.169,2548.127,"1",6493366.453
542.279,3.163,233.153,9012.097,"1",81218746.718
183.943,1.392,230.874,30270.187,"1",916284750.513
363.6,6.044,99.042,1758.585,"1",3093234.029
212.408,1.883,330.925,17338.191,"1",300613511.279
362.255,5.97,359.588,4117.965,"1",16958507.129
68.211,-2.946,262.456,3859.61,"1",14896991.879
222.188,4.904,117.117,20869.664,"1",435543386.052
258.031,-14.035,78.785,11145.194,"1",124215715.765
451.119,9.755,120.206,1296.732,"1",1682075.221
229.565,9.525,82.409,531.974,"1",283458.05
344.685,-2.793,292.614,15082.768,"1",227490713.029
237.331,1.185,421.437,235.905,"1",56461.739
172.443,1.683,94.219,2322.361,"1",5393739.808
403.357,1.425,453.078,17582.054,"1",309129553.434
230.971,4.062,212.674,26.89,"1",1299.977
502.228,59.393,118.609,9567.389,"1",91535771.411
366.461,9.16,465.217,12640.392,"1",159780490.749
277.361,3.636,197.422,15459.199,"1",238987426.879
368.332,1.524,448.249,1337.297,"1",1789296.255
293.977,0.81,480.858,7575.548,"1",57389800.339
368.418,-3.469,81.727,8716.604,"1",75979786.002
238.736,-16.391,368.105,2452.45,"1",6015241.323
-20.474,1.682,366.608,3170.84,"1",10054644.297
323.523,31.666,84.868,10493.792,"1",110120259.433
399.007,0.326,154.72,596.204,"1",356091.882
152.725,-7.562,185.272,1178.872,"1",1390156.202
132.953,3.823,196.187,7730.809,"1",59765930.887
234.398,6.732,327.472,13941.936,"1",194378148.969
222.583,5.795,131.797,5892.296,"1",34719613.878
362.849,-46.048,71.709,12615.313,"1",159146541.126
320.123,1.636,81.031,7534.147,"1",56763907.874
455.203,1.991,396.845,5939.473,"1",35278306.775
548.025,4.343,291.847,10447.007,"1",109140906.097
297.308,0.372,179.375,3397.772,"1",11545414.006
296.37,0.817,370.48,1844.947,"1",3404512.985
337.537,6.75,246.949,2812.215,"1",7909221.694
249.431,0.907,26.81,7073.362,"1",50032853.409
282.997,-2.363,355.342,646.429,"1",418556.416
285.168,-3.511,261.296,4874.864,"1",23764906.199
339.613,3.28,37.5,15250.585,"1",232580884.335
320.848,4.935,256.451,2294.439,"1",5265114.621
263.66,2.947,460.553,1891.19,"1",3577380.723
308.855,0.693,374.531,15484.884,"1",239782434.503
273.409,3.989,456.427,1269.602,"1",1612744.831
419.202,28.759,408.964,4460.151,"1",19893951.725
301.011,5.104,132.452,4807.189,"1",23109680.56
205.531,5.26,365.36,4449.962,"1",19802822.585
262.127,10.689,17,33066.919,"1",1093421505.84
196.437,-2.909,416.226,4601.569,"1",21175112.33
330.381,2.318,143.486,1076.163,"1",1158664.772
426.957,-2.529,89.439,22145.71,"1",490433141.012
394.811,-8.287,46.115,6.21,"1",557.321
330.212,0.129,424.571,6535.868,"1",42718434.154
286.339,-0.855,243.342,1062.669,"1",1129909.709
343.423,0.215,419.605,13800.759,"1",190461797.802
291.797,1.035,329.518,1633.863,"1",2670291.513
-6.277,24.41,75.957,202.726,"1",41234.688
353.755,2.844,453.58,5522.613,"1",30500178.915
244.11,-1.515,271.965,5515.43,"1",30420616.108
490.246,-33.948,475.104,61.892,"1",4817.52
625.29,-5.483,359.512,3546.686,"1",12580044.683
114.042,-1.793,14.269,4850.844,"1",23530927.221
388.481,10.036,106.418,213.658,"1",46309.058
318.603,-11.115,377.129,5128.292,"1",26300266.43
221.444,3.498,104.347,10393.762,"1",108030699.9
393.034,2.281,477.996,989.952,"1",980944.4
406.233,-0.79,351.653,14197.814,"1",201578740.787
286.02,1.91,319.203,1192.833,"1",1423501.417
255.72,16.99,318.489,11802.586,"1",139301752.155
137.128,-0.301,326.876,4478.879,"1",20060914.789
206.278,3.863,478.361,6892.985,"1",47513981.425
265.049,70.099,335.664,16673.348,"1",278001400.055
262.377,-2.437,265.033,2413.58,"1",5826086.565
443.084,4.006,70.275,2912.656,"1",8484206.64
260.104,4.318,153.39,8825.2,"1",77884692.517
584.291,-2.712,93.104,6531.135,"1",42656584.941
235.501,11.562,141.957,6873.609,"1",47247059.628
536.332,1.578,403.778,12696.15,"1",161193145.767
324.291,-5.652,235.403,12809.671,"1",164088385.358
137.182,1.551,82.381,4970.053,"1",24701758.51
386.541,3.538,222.289,4755.772,"1",22618049.207
304.226,-11.334,412.696,2804.871,"1",7868130.172
246.494,46.685,374.521,10054.064,"1",101085035.713
427.894,6.333,120.92,4552.636,"1",20727128.323
377.005,0.872,33.148,219.603,"1",48707.833
452.73,-20.7,156.038,6745.402,"1",45501109.179
146.778,14.018,20.224,17482.909,"1",305652440.027
215.75,3.179,151.905,768.748,"1",591480.061
148.117,-3.023,31.175,9167.673,"1",84046369.934
-153.122,-0.199,164.398,5543.625,"1",30731840.558
349.853,3.555,426.777,7957.084,"1",63316065.498
486.077,-6.943,66.695,21154.076,"1",447495534.088
400.702,5.058,410.802,20895.192,"1",436610012.977
100.495,3.69,162.019,20502.028,"1",420333457.44
172.413,3.394,27.04,454.542,"1",206861.836
31.675,1.879,57.144,10818.795,"1",117046554.099
484.728,5.41,357.682,12572.019,"1",158056715.467
249.84,5.608,275.701,12363.463,"1",152855788.285
154.902,1.459,467.333,23094.193,"1",533342541.358
431.906,3.935,423.973,7502.989,"1",56295765.29
261.963,0.761,278.791,5602.988,"1",31394218.953
72.319,3.971,143.072,5577.48,"1",31108628.256
296.418,14.307,320.56,420.81,"1",177776.994
303.999,6.087,486.566,2709.812,"1",7344003.611
324.552,3.252,198.144,2947.62,"1",8689126.172
361.501,-7.015,252.951,1102.012,"1",1215208.175
205.896,7.355,95.419,42257.301,"1",1785679916.16
395.538,12.678,242.811,2944.612,"1",8671452.559
119.71,1.233,335.993,4211.336,"1",17735829.867
501.981,1.411,479.475,3369.302,"1",11353294.079
210.185,-137.726,266.961,4827.834,"1",23308411.92
366.331,3.043,315.423,31500.022,"1",992252108.17
392.029,5.095,62.091,213.256,"1",45995.97
255.136,0.973,449.532,5687.968,"1",32353851.883
59.912,2.209,303.669,6689.014,"1",44743490.276
249.08,11.63,434.602,1618.199,"1",2619365.211
212.804,9.93,154.444,4604.219,"1",21199334.238
241.446,5.333,268.84,17665.656,"1",312076000.352
426.827,2.543,101.483,4303.457,"1",18520326.485
402.709,3.591,365.53,2762.214,"1",7630745.148
335.657,13.585,324.782,5411.754,"1",29287857.532
193.407,48.063,108.136,26350.604,"1",694354736.513
691.998,12.982,306.646,6673.357,"1",44534816.555
56.003,3.966,48.595,9922.174,"1",98449624.78
58.904,4.186,427.949,691.867,"1",479194.169
351.048,3.851,196.223,23057.992,"1",531671684.69
709.183,3.831,18.026,9550.177,"1",91206704.997
250.921,0.969,408.749,17671.44,"1",312280579.563
111.465,2.44,323.251,5300.95,"1",28100695.966
235.29,1.66,132.028,10886.285,"1",118511611.054
682.328,4.968,3.54,2134.548,"1",4557098.414
184.289,5.294,341.809,4895.495,"1",23966591.948
223.899,14.215,457.901,6198.741,"1",38425160.082
259.497,14.351,364.196,3198.454,"1",10230858.73
412.217,6.849,434.846,12092.581,"1",146231414.274
400.289,3.048,215.452,2727.882,"1",7442065.441
231.705,4.325,105.01,6429.929,"1",41344531.911
10.823,14.191,236.882,3412.131,"1",11643046.507
582.297,-12.332,479.653,32108.35,"1",1030947288.947
112.543,-3.213,249.338,27181.584,"1",738838962.905
226.598,-62.476,385.747,6539.102,"1",42760454.736
332.309,-14.567,488.928,8864.804,"1",78585789.737
363.316,-1.274,357.497,2117.757,"1",4485621.711
116.828,11.172,466.6,41284.131,"1",1704380160.247
346.834,-0.025,201.688,6155.659,"1",37892707.057
432.969,4.74,274.389,4754.816,"1",22609134.864
371.222,-6.58,165.431,6898.888,"1",47595287.659
430.476,-14.326,310.873,17233.56,"1",296996510.57
167.021,2.681,480.673,12867.351,"1",165569505.996
280.702,2.254,311.671,18995.666,"1",360836118.283
464.477,3.709,180.857,10172.668,"1",103483892.426
377.704,4.416,38.763,3974.053,"1",15793599.419
359.705,2.915,69.472,17480.54,"1",305569839.326
459.999,-0.399,139.296,13289.209,"1",176603722.824
232.569,8.344,86.463,13009.792,"1",169255084.868
393.915,4.614,376.828,13107.161,"1",171798486.766
177.175,-16.238,305.672,3207.497,"1",10288624.341
260.473,2.058,198.472,1481.33,"1",2194834.55
323.186,3.199,363.646,23836.601,"1",568184322.345
385.267,2.566,288.213,6043.779,"1",36527997.023
-99.024,6.136,398.49,384.457,"1",148237.961
470.48,1.394,118.41,7797.691,"1",60804628.53
363.266,-1.243,148.931,1407.929,"1",1982925.626
502.512,1.707,228.682,1592.452,"1",2536686.953
465.564,5.363,82.698,2821.81,"1",7963261.045
397.057,2.322,348.289,25750.427,"1",663085270.867
326.345,-0.483,32.584,5539.666,"1",30688243.332
398.034,-1.778,151.033,786.718,"1",619610.27
290.176,3.483,57.947,1116.42,"1",1246834.15
396.828,8.314,194.484,6462.907,"1",41769880.755
354.644,2.649,92.328,2997.603,"1",8986225.349
426.516,5.615,130.38,74.541,"1",6263.254
198.528,-1.893,402.43,16763.254,"1",281007376.095
241.285,-1.43,459.616,11981.198,"1",143549939.064
360.741,-81.98,371.602,6366.532,"1",40533444.283
133.971,-2.097,330.604,17579.523,"1",309040090.997
242.505,8.072,90.288,20978.035,"1",440078406.88
344.103,8.649,85.537,18255.766,"1",333273576.164
568.959,2.214,217.135,63.486,"1",4966.893
422.105,5.002,106.891,12271.943,"1",150601217.474
101.996,5.913,463.12,8169.034,"1",66733819.774
21.683,9.685,281.87,3487.091,"1",12160129.928
147.215,21.879,264.246,2926.164,"1",8562914.995
143.233,5.749,368.142,19818.292,"1",392765305.004
202.307,-5.386,145.36,14721.877,"1",216734087.138
357.402,2.623,65.761,9051.134,"1",81923549.295
454.785,-16.517,375.816,2886.119,"1",8330568.917
319.661,0.839,127.439,3274.109,"1",10720397.989
356.579,13.163,335.259,10409.249,"1",108353320.65
16.846,2.985,193.491,5578.396,"1",31118791.713
378.033,-2.036,281.765,6636.112,"1",44038631.13
428.873,4.997,81.123,7771.842,"1",60402207.141
179.627,-0.589,450.008,1697.032,"1",2880547.97
226.206,7.314,25.539,3793.989,"1",14394788.948
268.357,7.343,344.899,2576.829,"1",6640904.265
230.449,3.021,85.605,14561.128,"1",212026860.346
344.922,1.337,380.021,11591.292,"1",134358808.899
209.179,4.36,488.382,3496.975,"1",12229624.532
234.148,4.49,194.035,3250.796,"1",10568215.936
191.887,0.728,132.32,10578.46,"1",111904303.119
417.121,-16.437,28.171,7508.814,"1",56382833.492
116.657,-0.657,488.772,4615.722,"1",21305530.61
433.679,1.129,389.201,12802.063,"1",163893705.719
338.088,1.462,18.772,312.573,"1",98216
290.128,-1.491,299.683,7592.182,"1",57642026.43
330.22,0.645,53.524,20084.196,"1",403375486.6
671.655,1.806,298.105,1580.079,"1",2497704.452
370.763,3.685,280.066,13128.322,"1",172353647.613
498.93,-5.284,106.178,5810.002,"1",33756686.118
400.29,-0.217,212.719,12027.59,"1",144663620.638
279.391,-5.14,61.078,918.016,"1",843177.853
88.324,2.556,457.797,7317.975,"1",53553413.435
480.054,3.83,249.877,5934.208,"1",35215700.573
344.864,1.089,303.67,18051.229,"1",325847645.612
368.434,5.595,444.377,7958.274,"1",63335059.227
365.712,1.403,293.767,11657.03,"1",135887151.083
267.747,2.097,110.956,7578.031,"1",57427076.553
253.182,101.169,304.932,4415.693,"1",19499110.14
196.105,-2.464,60.287,1064.335,"1",1133208.937
-59.434,5.425,167.343,16235.056,"1",263577291.829
62.359,2.759,328.953,807.328,"1",652247.665
563.812,-19.346,346.039,3617.937,"1",13090355.673
-54.433,1.896,71.513,3429.679,"1",11762766.256
358.976,-3.933,484.692,11466.343,"1",131477900.484
384.891,46.129,477.87,11837.221,"1",140120895.981
143.401,3.785,99.201,4680.419,"1",21906645.286
453.467,1.271,188.101,7191.541,"1",51719039.709
223.1,1.036,101.608,7449.071,"1",55489122.845
307.161,9.135,494.284,5461.526,"1",29829149.801
508.932,-0.115,215.191,10304.431,"1",106182064.685
235.125,4.959,61.202,116.975,"1",14117.284
279.725,0.315,341.142,28442.871,"1",808997605.648
494.66,224.043,287.451,6917.337,"1",47850771.381
289.391,9.323,85.35,26911.233,"1",724214993.711
236.876,2.972,231.257,5546.304,"1",30762104.533
471.201,-71.711,67.96,1165.63,"1",1359168.565
235.931,-1.182,437.019,5896.005,"1",34763662.577
509.35,-0.395,69.034,958.947,"1",920285.911
255.572,6.911,259.708,6839.322,"1",46776966.974
387.399,-4.764,306,4457.703,"1",19871911.453
-101.434,-3.48,321.946,1308.738,"1",1713159.271
89.898,0.195,47.259,16252.608,"1",264147386.893
795.623,-6.324,49.453,389.261,"1",152531.22
428.517,-1.739,486.396,1742.975,"1",3039018.176
474.152,4.582,228.058,26324.563,"1",692983469.507
341.841,-7.043,331.372,4075.331,"1",16609053.638
297.968,-2.797,163.363,630.983,"1",398677.357
-101.457,12.301,433.011,1479.128,"1",2188377.227
318.197,0.139,95.823,13764.287,"1",189456162.843
224.919,-5.449,444.473,1498.574,"1",2246457.61
506.952,277.003,294.282,6428.667,"1",41328957.214
239.102,2.513,259.758,5483.814,"1",30072879.986
509.39,5.753,30.474,64.697,"1",4789.219
410.789,3.967,306.223,7525.404,"1",56632572.212
410.492,9.522,369.995,8658.629,"1",74972742.789
190.037,-0.124,213.653,6247.402,"1",39030431.72
15.241,-27.57,432.859,9808.138,"1",96200108.39
366.882,2.235,52.539,2388.953,"1",5707672.428
368.439,1.631,181.024,17516.394,"1",306824716.845
71.07,0.208,204.153,710.97,"1",505836.625
287.913,-0.754,119.902,13100.005,"1",171610651.145
248.998,-20.915,352.181,8003.282,"1",64053223.953
308.052,-10.963,365.231,2474.481,"1",6123799.454
196.255,3.507,383.535,3927.653,"1",15427102.089
254.476,-93.391,200.971,35739.803,"1",1277334019.6
120.748,-0.8,164.2,31679.88,"1",1003615155.079
452.96,1.694,300.55,8047.104,"1",64756655.49
228.233,-11.506,304.546,2824.486,"1",7978425.368
201.076,3.141,408.908,2715.693,"1",7375733.213
401.832,3.469,4.375,442.054,"1",195960.804
284.197,-5.611,143.19,27700.456,"1",767315685.112
231.942,4.963,388.325,1668.985,"1",2786134.767
501.216,99.529,212.084,4014.784,"1",16119387.552
447.894,3.59,118.487,573.217,"1",329189.547
120.68,-0.936,59.082,4904.051,"1",24049867.325
213.771,1.908,188.605,677.197,"1",459045.948
447.299,5.828,15.388,2027.977,"1",4113246.402
51.393,3.196,436.797,8681.338,"1",75366223.361
132.053,6.068,34.336,10.096,"1",356.304
124.376,2.152,347.015,11657.363,"1",135894652.226
129.142,-2.864,240.541,12541.081,"1",157279129.355
107.276,0.632,50.805,1841.001,"1",3389570.61
278.733,-0.685,190.232,3028.54,"1",9172491.415
515.818,0.825,357.027,7616.554,"1",58012892.319
143.991,4.546,149.242,11282.635,"1",127298234.63
146.424,-1.59,76.646,6729.658,"1",45288600.194
464.216,-2.341,178.68,13649.115,"1",186299146.571
-2.089,0.578,425.21,4379.515,"1",19180683.971
143.013,4.694,70.278,10090.645,"1",101821575.426
425.011,0.726,227.467,5347.448,"1",28595949.929
391.29,12.701,319.745,12331.175,"1",152058718.141
462.609,-0.539,103.17,4063.693,"1",16514270.962
325.907,9.044,82.542,1261.333,"1",1591498.082
527.429,-14.142,19.898,4430.632,"1",19631105.683
267.419,2.729,145.8,3247.155,"1",10544427.221
283.762,0.552,40.86,4493.353,"1",20190600.413
246.343,-2.501,423.669,602.335,"1",363646.693
349.057,7.288,486.989,2764.224,"1",7641839.076
-1.942,13.441,327.788,4680.95,"1",21911749.361
277.546,8.067,309.452,15031.997,"1",225961595.446
160.171,2.042,251.248,8720.681,"1",76050726.264
341.762,3.488,231.25,25972.969,"1",674595733.306
422.525,-1.195,355.06,20431.912,"1",417463852.636
235.461,2.962,488.288,1485.05,"1",2206259.823
385.85,8.896,24.653,11519.86,"1",132707782.244
326.549,-2.142,337.917,12344.707,"1",152392653.404
467.036,5.641,102.693,23242.632,"1",540220675.887
211.934,31.464,392.929,3096.816,"1",9590926.26
39.265,2.881,86.876,18659.774,"1",348187383.494
398.051,3.426,304.436,16607.768,"1",275818706.193
272.002,5.251,463.98,10662.17,"1",113682632.784
395.904,-3.214,24.78,1793.238,"1",3216267.543
295.224,-2.29,185.919,382.02,"1",146473.715
450.335,13.889,90.307,17092.703,"1",292161203.112
203.84,-1.229,386.373,4841.171,"1",23437594.54
337.656,4.762,137.393,1774.444,"1",3149320.709
386.255,10.622,116.89,3898.156,"1",15196266.134
204.747,9.629,46.902,16551.524,"1",273953307.931
428.593,0.903,395.765,11731.39,"1",137626425.069
465.732,10.9,399.176,2933.598,"1",8606938.554
-60.784,2.626,467.203,7904.992,"1",62489449.404
194.855,-59.146,261.633,477.453,"1",228468.101
304.267,29.169,146.384,21121.284,"1",446109273.49
557.624,-36.193,243.159,6340.844,"1",40207192.86
130.756,3.531,209.502,6533.059,"1",42681323.938
462.937,-1.843,347.079,3085.564,"1",9521599.734
495.883,8.95,134.861,6716.35,"1",45110029.325
151.76,22.316,345.002,1002.738,"1",1006082.204
265.887,-5.725,39.299,2864.601,"1",8206370.476
278.685,5.713,54.977,7130.046,"1",50837991.913
359.402,4.282,54.27,7840.065,"1",61467156.582
9.084,-6.521,306.791,17778.72,"1",316083305.776
-198.117,-3.211,216.953,8495.969,"1",72181628.803
441.312,4.198,163.274,1568.513,"1",2460934.008
305.573,0.627,255.011,6961.001,"1",48456285.836
261.217,16.51,303.709,94.973,"1",9646.305
351.659,2.01,348.582,17310.936,"1",299669239.679
322.403,-2.087,212.342,6264.497,"1",39244567.888
441.07,12.275,290.217,568.876,"1",324435.636
-32.685,6.335,404.67,22387.474,"1",501199503.873
30.966,8.825,311.306,4400.024,"1",19360725.416
553.816,0.922,454.93,582.069,"1",339939.648
49.126,-3.437,316.634,3489.495,"1",12177061.504
39.421,4.368,31.87,12422.223,"1",154311774.081
296.005,0.276,199.778,10775.895,"1",116120454.185
309.871,-11.041,34.853,1860.064,"1",3460183.301
80.651,1.372,489.232,1130.334,"1",1278281.233
237.089,4.069,495.529,2405.459,"1",5787076.717
386.527,2.053,367.219,2156.092,"1",4649604.21
208.962,2.8,346.925,3335.72,"1",11127804.666
289.617,2.589,28.357,20361.357,"1",414585305.12
500.092,6.243,88.139,7898.149,"1",62381377.675
184.839,-12.003,335.727,339.537,"1",115910.758
382.979,0.689,141.724,29533.606,"1",872234497.936
43.701,12.562,112.741,4028.43,"1",16228538.406
220.991,17.373,396.949,36369.963,"1",1322774944.148
609.565,4.674,184.537,6307.713,"1",39788201.534
363.559,8.394,330.406,17562.087,"1",308427698.641
451.283,19.312,143.104,10208.946,"1",104223294.781
504.171,0.94,22.104,5372.849,"1",28868124.37
284.107,41.514,206.459,9174.281,"1",84168089.163
306.225,-0.572,31.008,612.929,"1",376143.915
467.985,6.332,420.377,2149.354,"1",4620683.921
335.874,0.114,110.586,8688.22,"1",75485704.194
144.137,5.015,456.255,719.297,"1",518065.867
226.237,-1.018,359.784,9385.917,"1",88096098.333
357.628,-1.337,127.741,16648.711,"1",277180149.384
277.879,-4.847,498.194,562.085,"1",316876.419
202.429,5.741,239.494,16957.73,"1",287565121.63
308.446,8.641,212.626,6792.775,"1",46142409.482
263.01,1.889,59.208,4261.229,"1",18158479.572
485.433,-3.254,389.918,20596.765,"1",424227636.933
273.251,29.823,284.977,3628.447,"1",13166320.022
485.47,3.081,290.26,2473.43,"1",6118682.825
137.675,10.173,407.588,24669.895,"1",608604374.515
225.871,64.511,141.473,8301.8,"1",68920445.497
43.333,-5.878,403.367,1321.244,"1",1746207.918
306.009,-3.534,489.635,2994.247,"1",8966357.808
215.828,8.605,200.35,50602.979,"1",2560662007.698
-83.604,-3.213,88.883,3270.49,"1",10696240.086
195.483,2.517,219.85,14908.544,"1",222265162.458
83.057,67.792,148.309,5846.043,"1",34176654.867
347.378,4.34,114.899,17381.694,"1",302123745.421
248.588,2.65,135.457,1091.175,"1",1191190.665
10.297,0.288,374.561,6808.786,"1",46360134.628
336.423,-4.852,116.149,10347.173,"1",107064507.697
245.585,3.904,480.673,2724.951,"1",7426149.395
664.909,-0.213,83.537,8377.875,"1",70189643.018
388.814,0.84,112.362,1546.916,"1",2393612.453
213.57,1.18,21.271,5818.753,"1",33858252.817
360.994,9.388,167.295,612.007,"1",375159.518
293.212,3.028,379.331,16293.423,"1",265476426.849
366.135,8.581,407.158,16106.485,"1",259419758.87
635.306,-110.056,259.744,860.9,"1",742059.923
212.077,-1.934,488.127,3933.047,"1",15469599.576
389.904,-5.452,41.988,6925.431,"1",47962117.451
491.135,2.303,118.179,13904.389,"1",193332855.73
163.234,-0.725,482.161,7253.04,"1",52607322.739
93.681,-22.727,216.693,11677.265,"1",136358893.095
256.841,72.139,47.098,1914.779,"1",3666783.934
312.223,3.41,87.424,1427.525,"1",2038316.18
350.684,-12.07,21.921,5338.682,"1",28501965.906
384.921,4.055,439.492,52263.173,"1",2731440244.759
159.867,-2.851,199.063,1325.877,"1",1758340.701
559.015,17.248,447.338,2285.703,"1",5225562.17
538.247,-9.046,234.635,4340.258,"1",18838640.28
144.383,-0.83,124.773,68175.592,"1",4647911691.302
355.426,2.013,275.464,9619.668,"1",92538756.075
365.799,-43.534,106.533,5456.88,"1",29778053.331
168.301,60.817,443.18,7526.933,"1",56655526.651
414.138,-3.378,476.602,3918.954,"1",15359126.949
309.642,-6.331,317.055,213.703,"1",46313.899
644.772,-8.344,374.334,6801.627,"1",46263258.301
105.003,0.116,343.086,3529.996,"1",12461521.164
138.054,12.879,491.539,7244.513,"1",52483737.186
523.249,4.207,497.325,1178.56,"1",1390117.416
265.385,0.96,298.778,10388.468,"1",107920877.229
399.761,0.714,383.29,4329.349,"1",18744244.915
125.952,-0.123,223.888,20082.396,"1",403303065.303
462.231,3.792,77.201,5367.378,"1",28809417.377
363.632,2.987,310.455,7021.573,"1",49303241.726
416.408,1.209,403.75,9929.741,"1",98600642.544
191.582,0.305,432.385,1581.478,"1",2501809.799
376.361,9.86,191.58,15655.138,"1",245083977.821
323.192,5.482,245.009,10116.854,"1",102351502.6
346.387,-2.309,315.01,6233.968,"1",38863171.329
347.477,9.582,467.857,5126.988,"1",26286957.028
406.152,1.983,46.598,5404.278,"1",29206793.711
230.635,6.923,201.338,2260.308,"1",5109530.895
554.745,-73.046,3.867,935.11,"1",875000.193
170.702,-10.786,446.028,690.354,"1",477276.411
142.226,4.126,49.476,2065.282,"1",4265700.886
379.728,6.306,207.864,13457.023,"1",181092131.995
311.593,-0.568,451.349,15703.942,"1",246614603.741
146.274,-0.732,191.869,3706.208,"1",13736407.378
321.624,0.479,391.008,8042.015,"1",64674875.79
266.866,5.442,427.243,65.053,"1",4981.145
153.4,1.926,424.87,2895.766,"1",8386005.876
350.292,-18.064,440.691,15204.277,"1",231170895.294
538.105,1.355,118.413,937.82,"1",880283.064
490.474,-7.497,244.244,11835.974,"1",140091076.618
733.1,4.522,418.864,6210.537,"1",38571916.452
402.486,2.677,94.238,984.436,"1",969827.559
198.454,-5.632,366.985,2105.041,"1",4431873.289
275.419,3.034,498.414,4169.036,"1",17381698.094
406.442,-3.155,41.761,7645.932,"1",58460848.409
141.95,62.77,327.783,2155.557,"1",4646991.84
156.566,116.948,271.546,408.602,"1",167583.812
158.222,0.493,342.856,7040.326,"1",49566775.4
333.718,2.65,460.55,5679.204,"1",32254258.636
353.918,-9.457,379.603,11669.435,"1",136176499.356
200.443,2.087,333.111,390.353,"1",153041.869
281.024,0.03,338.972,571.788,"1",327673.058
546.356,-1.175,151.63,5546.747,"1",30767122.147
223.935,0.423,379.256,8609.617,"1",74126170.215
222.227,-3.44,348.658,2685.177,"1",7210808.5
501.548,1.108,260.209,25881.326,"1",669843924.746
313.123,-0.121,78.241,2830.936,"1",8014640.958
380.651,-924.427,103.887,3399.585,"1",11556878.59
523.828,2.61,163.939,3572.945,"1",12766644.955
431.519,3.712,266.828,3048.98,"1",9297083.077
374.383,428.886,298.287,7951.237,"1",63223370.962
262.897,3.306,314.705,3447.921,"1",11888884.036
190.683,2.912,167.235,11411.82,"1",130230051.069
431.129,-15.582,397.572,8932.948,"1",79798369.773
185.91,279.447,341.273,6611.518,"1",43713064.785
360.438,-1.06,60.57,734.224,"1",539581.524
220.239,79.633,192.805,2656.234,"1",7056213.629
300.002,1.843,186.192,18691.687,"1",349379701.611
422.727,2.438,370.976,995.486,"1",991897.739
340.368,1.48,271.33,856.952,"1",735098.899
241.8,-1.065,59.877,2286.248,"1",5227358.942
251.286,0.869,210.984,4763.608,"1",22692518.482
552.001,2.469,425.417,3117.459,"1",9719603.56
-132.11,21.093,465.185,5637.267,"1",31779220.83
393.321,-2.033,41.451,13158.431,"1",173144840.611
-30.533,0.417,163.756,450.636,"1",203300.755
259.096,-8.995,290.217,10100.111,"1",102012976.267
161.682,6.773,297.547,11525.162,"1",132829935.208
254.058,-0.924,137.57,1766.108,"1",3119658.315
680.484,-16.352,421.274,11890.787,"1",141391956.754
590.136,-10.906,63.144,23793.703,"1",566141029.943
298.112,3.195,59.422,3602.965,"1",12981887.605
112.217,2.752,339.688,3233.602,"1",10456829.772
416.219,34.816,192.338,4424.639,"1",19578127.6
420.583,-0.566,383.722,2805.481,"1",7871603.878
75.186,2.841,219.886,3262.108,"1",10641805.729
387.878,0.002,330.002,1487.216,"1",2212672.03
173.902,1.489,425.033,7300.568,"1",53299047.411
183.902,4.887,36.922,779.043,"1",607181.14
118.717,3.605,498.296,25877.723,"1",669657233.955
302.824,2.297,246.736,744.229,"1",554487.411
94.9,-5.696,197.186,31.591,"1",1436.947
1.484,-4.62,477.453,7406.468,"1",54856362.782
-23.429,0.42,289.922,4492.127,"1",20179589.224
310.076,1.936,252.369,17190.887,"1",295527264.005
429.038,2.925,499.713,5374.147,"1",28882432.954
182.507,-4.891,345.474,16543.667,"1",273693587.952
216.573,-15.394,309.939,827.732,"1",685773.738
406.043,3.69,283.552,1330.639,"1",1771309.603
328.735,-5.383,261.678,55.978,"1",3797.393
545.952,2.066,203.773,5481.552,"1",30048270.436
273.669,-1.987,375.404,6198.32,"1",38419959.175
245.63,2.098,336.224,7046.696,"1",49656648.313
624.237,3.115,366.07,3756.152,"1",14109802.715
280.489,0.631,53.353,9446.737,"1",89241251.261
103.054,-3.887,474.636,11781.465,"1",138803525.097
398.964,-5.533,257.242,14999.352,"1",224981251.495
313.77,-9.521,133.51,225.749,"1",51590.293
367.211,3.147,252.823,25.612,"1",1397.742
381.613,1.755,145.86,2818.853,"1",7946495.837
543.117,0.886,438.09,5464.032,"1",29856767.732
498.194,5.09,176.77,7557.776,"1",57120785.463
285.324,1.235,443.281,2700.799,"1",7295112.939
357.635,2.134,23.942,6963.793,"1",48494871.209
416.256,0.165,133.085,7560.767,"1",57165933.626
360.967,-5.318,418.884,3760.129,"1",14139428.772
295.983,-2.129,457.524,40949.41,"1",1676855050.97
501.159,-7.025,8.491,2005.788,"1",4023732.916
411.736,4.302,384.266,1027.34,"1",1056279.012
233,6.346,273.659,4608.558,"1",21239449.971
189.475,3.585,318.546,3118.987,"1",9728721.922
172.414,8.715,481.707,4037.759,"1",16304263.637
98.989,2.663,343.674,3084.4,"1",9514145.957
398.742,0.559,19.98,8104.931,"1",65690414.881
246.547,1.311,313.518,5819.458,"1",33866723.253
307.416,1.559,78.576,9391.445,"1",88199735.461
137.199,1.325,110.883,2647.294,"1",7008486.669
305.498,1.254,14.742,16707.663,"1",279146393.423
-93.54,0.414,7.477,2579.687,"1",6654831.737
-22.097,0.484,464.264,20105.943,"1",404249521.249
463.873,2.961,495.696,13046.365,"1",170208733.086
47.349,-97.133,334.216,810.517,"1",657319.181
224.033,5.992,334.673,10437.746,"1",108947218.046
106.5,5.373,57.146,3611.795,"1",13045290.564
200.946,6.505,226.318,1083.872,"1",1175326.226
316.673,1.543,101.227,1018.006,"1",1036882.209
553.227,3.223,495.217,5994.589,"1",35936301.715
516.292,7.084,351.312,9795.185,"1",95946582.466
331.172,-5.336,130.714,12948.444,"1",167662775.285
219.695,4.157,51.737,4999.079,"1",24991194.655
337.831,-5.471,324.642,1596.45,"1",2549434.033
154.726,5.03,343.3,9100.903,"1",82827004.99
307.793,3.855,369.23,11204.4,"1",125539409.938
490.887,-2.308,163.29,415.668,"1",173527.69
229.866,3.519,68.774,7978.499,"1",63656939.245
219.611,4.527,94.596,3609.675,"1",13030257.203
424.728,7.097,329.856,13796.756,"1",190351276.159
353.253,0.552,289.428,8863.864,"1",78568836.76
367.806,-10.576,358.173,6076.732,"1",36927485.373
431.927,2.151,207.063,7451.127,"1",55520035.043
283.74,2.233,245.953,4492.982,"1",20187555.524
-65.718,1.018,478.114,1950.575,"1",3805278.84
410.327,3.921,173.599,2905.079,"1",8440126.42
79.734,2.441,437.343,11753.301,"1",138140646.349
356.579,3.979,237.749,21581.307,"1",465753523.837
399.685,13.635,271.808,3398.652,"1",11551645.251
291.74,2.577,440.313,5310.864,"1",28206161.968
325.443,3.372,194.955,8870.939,"1",78694203.123
479.866,23.63,123.657,21272.704,"1",452528672.847
424.441,-2.902,255.105,7890.379,"1",62258892.76
494.99,-13.19,49.468,3305.113,"1",10924400.474
107.868,3.118,250.311,54.674,"1",3501.605
159.66,10.272,90.68,509.501,"1",259970.945
355.107,0.222,414.481,2662.589,"1",7090268.753
298.454,3.085,122.454,5066.768,"1",25672602.873
211.468,3.406,59.534,6467.569,"1",41829755.991
438.783,8.898,17.513,6640.124,"1",44091775.697
285.901,6.803,171.093,22105.247,"1",488642477.823
446.842,-1261.553,436.714,2680.183,"1",7183013.279
165.198,4.608,311.687,478.649,"1",229534.578
335.596,3.291,152.734,1333.018,"1",1777518.323
193.815,4.135,272.456,7106.497,"1",50502847.941
104.25,10.82,399.807,7585.759,"1",57544360.816
424.107,32.62,134.263,1025.682,"1",1052732.242
387.322,-2.783,445.024,11873.596,"1",140983198.233
96.404,4.351,264.731,6627.047,"1",43918285.887
347.83,-15.188,376.368,14140.704,"1",199960227.777
260.589,-0.16,67.564,9690.97,"1",93915285.228
122.399,6.806,47.742,10130.06,"1",102618398.614
328.088,3.779,163.605,17328.912,"1",300291728.326
376.071,5.073,366.422,3024.962,"1",9151299.74
308.352,2.73,170.44,135.506,"1",18904.249
506.953,11.769,242.855,12876.499,"1",165805250.645
433.592,4.126,283.984,15272.789,"1",233258898.936
78.405,7.266,397.943,3679.346,"1",13538158.46
601.362,7.86,91.743,980.361,"1",961893.654
435.776,18.697,484.6,8598.186,"1",73929816.189
394.457,5.124,149.729,45514.969,"1",2071612922.446
492.088,3.523,239.226,17005.412,"1",289184807.072
90.537,15.669,156.059,39838.787,"1",1587129364.411
311.682,-1.939,409.217,3013.666,"1",9082971.401
40.884,15.377,453.391,1018.025,"1",1036938.112
415.711,36.59,206.738,2989.33,"1",8936818.726
323.456,1.944,170.875,16135.316,"1",260348959.705
223.143,1.177,322.893,106.527,"1",12105.302
338.978,-0.125,116.828,4768.921,"1",22743192.099
480.249,1.972,447.738,7206.622,"1",51936514.099
365.306,-11.35,300.268,5321.059,"1",28314371.528
348.569,7.718,373.14,2132.359,"1",4547912.328
466.87,8.663,167.846,88.735,"1",8669.318
658.13,54.939,152.623,3925.832,"1",15413110.347
410.743,5.439,202.699,36956.475,"1",1365781702.773
164.87,-8.148,456.678,14420.603,"1",207954562.337
413.691,5.944,91.483,3994.531,"1",15956802.883
496.089,0.155,119.925,1618.781,"1",2621179.495
367.03,11.49,246.042,2055.608,"1",4226257.431
172.316,4.31,181.284,6926.313,"1",47974193.78
142.808,6.026,75.22,8555.763,"1",73201343.702
300.599,9.208,161.784,4693.874,"1",22033067.15
87.062,-7.276,497.589,372.392,"1",139358.137
374.324,-0.855,142.941,9034.323,"1",81619701.246
444.644,-0.486,20.833,16787.676,"1",281826655.538
377.21,15.265,432.75,2025.145,"1",4102248.831
133.394,-11.511,398.065,4747.811,"1",22542362.937
256.13,3.604,114.018,2299.306,"1",5287376.442
588.603,5.605,339.296,3312.513,"1",10973799.977
-54.107,-0.955,453.047,5831.714,"1",34009430.454
236.184,2.413,384.611,7812.63,"1",61037862.069
270.028,-0.906,148.95,2173.922,"1",4726427.719
462.192,11.738,58.273,6760.751,"1",45708368.45
212.872,1.308,94.965,7657.464,"1",58637064.466
268.239,0.512,202.577,158.392,"1",25573.575
238.146,17.686,60.42,6285.256,"1",39504916.453
359.319,2.89,448.675,1981.289,"1",3926443.106
99.423,3.441,118.39,6321.178,"1",39957660.461
646.698,2.478,61.59,11569.057,"1",133843951.999
247.426,-0.45,220.641,12288.141,"1",150998925.562
251.835,0.351,359.793,16868.915,"1",284561098.344
235.656,-2.671,212.488,9035.777,"1",81645881.684
265.558,0.564,353.537,1361.177,"1",1853548.288
291.612,4.433,82.566,2480.613,"1",6153883.253
244.193,-5.159,122.37,4687.023,"1",21968671.538
371.145,-15.412,183.156,8647.654,"1",74782610.901
290.744,7.587,250.684,2.958,"1",641.434
-19.153,-3.652,83.213,8195.662,"1",67168957.081
149.664,0.469,50.076,19545.233,"1",382016405.913
222.329,7.317,71.107,7054.8,"1",49770573.42
631.531,0.963,87.785,10963.746,"1",120204556.119
348.748,1.707,12.124,49927.69,"1",2492774726.995
108.479,-2.19,209.449,18690.961,"1",349352485.246
611.794,-1.882,117.735,5883.506,"1",34616432.259
382.638,6.515,168.086,21321.397,"1",454602646.145
601.572,8.838,452.616,7424.785,"1",55128619.531
256.864,3.802,364.643,2407.232,"1",5795538.964
372.226,-5.665,187.576,3475.726,"1",12081289.857
93.222,-9.102,44.262,12703.649,"1",161382927.641
438.437,3.951,40.835,682.783,"1",466731.431
177.046,5.281,109.136,910.782,"1",829899.819
202.584,-0.516,255.433,72.203,"1",5786.091
523.366,5.748,351.906,1563.76,"1",2446363.663
158.818,-0.412,406.879,4885.361,"1",23867393.911
123.899,0.818,72.835,237.122,"1",56493.903
418.967,1.283,205.869,196.223,"1",39167.481
180.587,0.399,237.093,19199.381,"1",368616741.616
448.417,-123.329,211.442,10515.512,"1",110576574.187
616.08,-3.233,226.541,10225.901,"1",104569946.076
574.096,0.496,202.838,12846.88,"1",165043351.918
358.917,-3.583,148.479,243.53,"1",59790.55
285.652,8.091,88.529,7197.908,"1",51810339.891
411.049,0.527,75.522,29784.363,"1",887108849.544
470.297,5.197,38.105,140.003,"1",20213.555
419.015,-0.178,59.354,21082.824,"1",444486130.38
413.532,4.405,467.879,5415.921,"1",29333323.424
253.024,1.341,22.518,25050.141,"1",627509864.994
-73.918,-85.038,232.546,5962.681,"1",35553782.902
288.742,7.167,358.416,4889.13,"1",23904389.399
160.902,9.555,250.707,9600.453,"1",92169289.302
485.223,6.013,46.161,7773.04,"1",60420627.888
327.497,0.486,316.883,3986.384,"1",15891969.292
425.755,-44.548,459.963,6281.318,"1",39455948.432
400.594,7.393,265.912,8067.748,"1",65089237.139
95.391,-2.591,38.063,4318.119,"1",18646453.941
399.791,-125.881,454.17,5151.953,"1",26543461.439
408.933,2.829,270.202,747.793,"1",559965.606
344.061,105.483,337.221,2905.237,"1",8441266.458
159.783,-31.127,371.46,1052.171,"1",1107624.215
487.272,7.814,41.179,4830.633,"1",23335601.477
46.544,-20.856,249.601,5454,"1",29746520.082
522.357,2.291,126.122,18450.231,"1",340411807.984
463.686,-15.833,144.932,7544.853,"1",56925556.501
5.292,33.853,138.108,11657.432,"0",18467646943803768
6.646,2.373,449.343,1132.855,"0",1647104776726.34
11.346,3.797,336.266,6512.067,"0",1798355096005380
4.747,1.899,170.998,5320.486,"0",801318596559392
7.421,-6367.372,112.778,39103.405,"0",2338074278033554944
13.061,-0.746,225.782,660.137,"0",189916470578.337
7.566,2.608,378.483,11742.186,"0",19010599959876568
10.346,-17.268,254.935,8858.073,"0",6156828001701504
7.209,-22.254,158.521,712.82,"0",258182148469.697
5.713,-8.792,217.16,8160.47,"0",4434663702249076
10.501,2.606,441.932,3396.916,"0",133149491463153
24.605,1.196,319.729,2498.183,"0",38949093932722.5
11.318,2.898,307.379,25388.099,"0",415451883921936640
15.42,2.201,198.719,5841.619,"0",1164482364027130
-2.997,-1.471,107.357,8253.652,"0",4640711975885225
-0.882,-4.523,464.656,3239.823,"0",110175627408083
15.36,26.463,222.056,7023.284,"0",2433105403228308
4.576,61.176,98.201,5807.624,"0",1137611478816816
8.415,19.403,205.849,5511.864,"0",922983584424380
18.202,-1.661,293.051,4464.19,"0",397164761522969
3.836,0.121,340.921,5039.966,"0",645223911088498
13.877,4.787,283.291,22664.092,"0",263847690936497728
8.963,3.064,411.938,10970.166,"0",14482808875357172
7.517,125.504,125.974,3918.151,"0",235681058553452
9.227,4.854,29.043,1407.788,"0",3927797047521.17
15.697,1.81,112.725,1883.706,"0",12590777078849.3
13.761,2.657,404.34,16094.318,"0",67095024035500392
6.343,-10.575,475.997,4402.599,"0",375696065670899
22.66,4.392,406.111,2006.829,"0",16219716781485.6
-1.979,-25.525,459.565,5343.08,"0",815017171213830
13.551,3.29,226.329,3914.321,"0",234760903677012
16.905,-49.686,156.095,14577.89,"0",45162572887273592
10.69,-2.021,497.724,11024.385,"0",14771258201746210
3.761,3.952,64.202,2298.473,"0",27909858204991.5
12.117,4.542,182.981,22516.813,"0",257055963877756320
5.84,0.678,310.811,9061.985,"0",6743624158525061
12.521,-0.512,56.236,7130.566,"0",2585211125022782
17.325,-1.252,277.761,13758.786,"0",35836077203585884
6.153,5.063,37.927,1717.321,"0",8697730074599.32
-1.475,5.723,12.86,2464.388,"0",36883858038694.1
11.348,17.517,224.561,313.683,"0",9693314151.828
12.854,2.09,465.666,4146.072,"0",295493210937111
8.798,-225.92,422.863,8109.51,"0",4324923821830537
4.995,1.043,205.239,303.97,"0",8545992950.258
13.476,-1.327,399.201,14445.779,"0",43547564047363720
7.045,-1.588,12.697,3900.623,"0",231491958376116
5.56,2.287,365.949,2401.652,"0",33269092365587.4
6.299,1.765,184.832,35415.875,"0",1573228859432289280
14.894,11.451,241.026,30199.379,"0",831748545402042752
11.111,-8.181,57.939,13766.354,"0",35914988586345392
2.724,0.119,311.561,212.074,"0",2053028249.32
13.857,-0.475,394.752,5962.701,"0",1264072984601016
0.514,31.398,190.13,6434.75,"0",1714457469161127
6.73,2.572,147.446,5062.114,"0",656640533341932
14.488,1.056,195.351,5146.346,"0",701448725198502
7.33,5.202,45.093,4709.746,"0",492028142589462
7.847,4.091,204.073,8404.574,"0",4989566581425405
9.447,1.914,21.121,1217.116,"0",2194461108434.29
19.18,8.061,451.622,3119.781,"0",94732032996305.2
6.45,15.607,60.516,3242.357,"0",110520623327237
0.083,3.186,289.2,1798.614,"0",10465328909534.9
6.035,-3.432,112.191,2653.572,"0",49581940082393.4
17.841,1.564,418.374,39173.587,"0",2354904834674342912
10.715,5.764,498.182,881.623,"0",604255378173.004
9.286,0.941,118.42,9164.252,"0",7053230746302057
7.119,1.745,94.244,4977.043,"0",613600312718740
6.576,4.359,336.285,333.103,"0",12349626793.362
14.049,0.007,286.255,19230.671,"0",136765876152148752
10.555,-21.713,40.475,5250.426,"0",759938010473231
10.729,-80.844,113.842,1565.743,"0",6010104502800.35
9.53,11.278,415.986,1987.3,"0",15597526592256.3
10.568,3.032,7.237,15652.36,"0",60023223062273592
10.153,4.347,22.472,1632.219,"0",7097635907829.02
7.406,2.389,333.213,3209.895,"0",106160622511560
10.49,0.163,266.873,8179.486,"0",4476144060756188
9.608,-11.899,115.898,2124.934,"0",20388337591089.2
19.264,0.017,160.869,4113.555,"0",286331573494913
16.343,2.333,141.936,3634.837,"0",174558004280561
7.857,3.422,165.929,13385.392,"0",32101429870408756
5.721,-2.437,386.044,13317.67,"0",31456688215349064
12.003,4.119,71.338,6481.12,"0",1764413006717140
20.434,2.345,142.968,4196.641,"0",310175350115576
11.172,4.025,396.802,236.359,"0",3183442542.121
7.023,3.38,146.457,10628.126,"0",12759297920251030
18.599,-8.767,229.22,2478.442,"0",37732465104680.4
-0.446,-0.945,447.911,2645.498,"0",48981327029658.6
17.499,5.539,477.469,5454.33,"0",885045696000195
11.26,-58.616,107.777,7098.46,"0",2538964086718872
11.233,-6.153,432.648,15340.721,"0",55383842912251064
15.992,-0.273,31.348,250.074,"0",3910930642.447
6.46,7.034,254.315,422.061,"0",31748732287.605
9.284,5.671,399.723,9877.996,"0",9520842629974984
8.5,-14.143,161.778,601.994,"0",131335681072.111
10.253,0.333,339.468,8693.956,"0",5713072752634349
10.68,-1.679,333.033,12953.723,"0",28156484154643052
7.606,-7.683,109.809,13895.788,"0",37284877354643600
14.265,5.228,444.188,11212.652,"0",15806414852051128
6.831,-2.019,238.059,8061.898,"0",4224245964264405
8.613,11.433,343.134,3589.665,"0",166041171218922
13.005,-1.028,65.825,14977.334,"0",50319701861101808
12.45,0.609,430.126,3162.223,"0",99993165773728.6
1.54,0.843,439.34,12649.744,"0",25605127786533100
4.638,2.792,125.292,9143.379,"0",6989190662589598
5.155,124.695,197.024,336.984,"0",12903160166.704
18.463,-1.318,303.182,18167.229,"0",108931820647426464
7.89,4.732,466.02,592.069,"0",122983508092.354
15.949,-2.505,407.277,9205.965,"0",7182527240632696
6.575,5.007,239.161,5595.409,"0",980228565193166
5.465,2.899,425.494,11488.31,"0",17419054825197556
6.485,9.617,302.434,12111.576,"0",21518036280292716
7.473,-1.921,124.375,14085.647,"0",39364723150579816
11.693,2.235,224.712,432.114,"0",34876654810.581
15.681,3.096,56.791,4957.382,"0",603961899435408
4.87,0.789,333.121,4497.371,"0",409105105911118
16.403,16.969,485.63,13979.73,"0",38193999314845584
-3.019,1.279,270.052,6301.183,"0",1576479675426818
7.014,0.754,337.221,2810.285,"0",62373731793869
11.417,258.601,246.76,501.218,"0",63126354533.117
15.602,-112.628,320.584,1978.928,"0",15336311013710.9
6.218,-3.295,153.918,1174.583,"0",1903424592487.25
14.708,-0.513,244.899,8704.06,"0",5739677691601720
-3.79,1.371,467.437,3022.834,"0",83494472428652.1
7.551,5.119,94.861,11204.222,"0",15758933444329120
15.107,-30.583,27.385,14475.916,"0",43912101071393496
10.425,-14.029,46.498,2133.4,"0",20715201666283.6
5.791,6.705,252.216,7896.985,"0",3889065468790396
10.222,-5.321,275.639,567.406,"0",103672503867.836
11.572,-2.329,417.613,9931.355,"0",9728234438079418
15.472,12.224,337.991,6986.225,"0",2382156452151646
5.201,12.398,43.607,6085.044,"0",1371055046390946
15.665,-238.508,90.619,669.907,"0",201400154417.811
6.712,-5.267,23.52,1097.462,"0",1450634436237.78
12.907,12.228,134.472,2048.213,"0",17599508242378.2
3.915,-1.405,291.968,5773.453,"0",1111072883667249
12.567,2.716,443.32,9247.128,"0",7311853513537369
20.975,6.534,264.597,2549.823,"0",42270786385495.1
14.576,5.77,170.662,6098.005,"0",1382773684980158
8.437,2.965,214.534,6082.768,"0",1369004934002124
14.696,-2.487,82.851,2289.628,"0",27482720373047.5
16.383,0.62,173.568,3595.424,"0",167109240733209
6.477,27.378,200.353,21895.348,"0",229830366009894656
10.181,-30.986,15.83,523.488,"0",75097764546.456
8.884,6.565,45.214,17413.289,"0",91943965647207456
9.249,-24.224,76.37,704.839,"0",246808723835.678
11.317,-1.687,105.247,4424.586,"0",383257413798437
9.963,-42.362,466.994,7018.748,"0",2426825879837772
7.841,-85.678,489.069,2830.927,"0",64226680033933.1
12.553,-1.413,372.818,7.817,"0",51831433.365
9.269,-0.769,176.439,399.738,"0",25538489726.195
18.762,-9.097,408.53,911.582,"0",690598850515.771
11.191,3.446,159.712,1683.369,"0",8030036544939.33
19.678,-5.059,453.973,3387.995,"0",131756288148126
7.531,-0.624,384.732,6939.562,"0",2319146861913032
-3.257,3.165,420.038,1590.237,"0",6395175228608.1
9.193,-1.518,153.97,3112.323,"0",93829340924991.2
14.38,3.214,112.522,349.95,"0",14999104069.93
15.121,-6.896,148.691,10275.813,"0",11149740751769966
13.41,2.364,69.873,5153.459,"0",705334782793396
8.112,5.868,60.218,6820.805,"0",2164424965756318
5.381,4.585,155.162,7718.08,"0",3548437039001898
5.961,1.894,275.313,3307.903,"0",119732248798811
10.128,-3.309,496.108,14560.715,"0",44950114966050776
6.155,-1.854,283.288,8188.628,"0",4496189120771674
15.208,1.564,130.948,5207.459,"0",735365817684557
8.511,-2.936,222.812,1304.963,"0",2899976306212.63
4.555,5.725,282.202,4682.185,"0",480611654080313
9.189,-19.215,452.598,461.332,"0",45388151580.542
-2.639,7.314,39.36,512.149,"0",68799584079.452
10.603,6.27,135.498,22553.21,"0",258722056780546112
11.035,5.966,31.703,2020.972,"0",16681733833267.8
12.889,-8.156,336.945,4906.445,"0",579519118699662
13.67,13.648,423.03,4064.141,"0",272819361238049
14.217,4.829,296.175,4621.226,"0",456067218844751
13.197,1.242,280.2,15861.674,"0",63298887763073600
22.3,6.244,366.563,7916.762,"0",3928170787055402
6.73,6.987,24.775,11224.363,"0",15872554025539520
3.627,-3.424,30.544,2369.937,"0",31546211139865.6
9.196,0.287,204.301,609.777,"0",138264583396.86
17.85,0.75,127.353,6885.964,"0",2248324494167059
14.467,-4.31,329.206,9214.164,"0",7208148969946831
6.925,-3.917,443.194,605.008,"0",134068449720.493
4.843,-0.134,176.579,5332.251,"0",808429849276827
14.659,7.208,71.292,16188.009,"0",68671059607860312
7.774,35.356,452.817,6019.713,"0",1313116246964316
3.587,-3.8,316.635,11915.018,"0",20154814797067260
6.32,0.45,280.645,47135.521,"0",4936205677605777408
-0.463,-21.992,387.999,25521.137,"0",424228728699304448
17.018,-3.737,22.359,6241.207,"0",1517310096363684
4.903,6.113,65.46,23472.273,"0",303543257710823424
-1.137,-11.9,54.144,2355.079,"0",30762520924741.5
9.264,7.81,167.601,9979.751,"0",9919249685976382
14.928,2.129,155.038,16917.95,"0",81920189526550160
8.682,1.51,427.339,7272.719,"0",2797610462064228
12.21,16.7,77.003,17942.357,"0",103637749676079408
11.572,211.451,359.084,8041.215,"0",4181062901266309
11.942,-3.332,190.429,4308.245,"0",344509799116766
11.825,-5.216,74.86,1739.791,"0",9161958922449.47
5.505,-2.088,371.39,23425.133,"0",301112137258312896
7.181,1.769,471.593,10328.432,"0",11379877374095118
6.45,3.71,57.099,3993.344,"0",254300312501871
